{
    "pro": {
        "email": "gAAAAABkSkWeWTvXl45x12HgEyixVbxZsQs2Awaqu5vXolaMdtjhvJijgzUmQGg4Pi54S6SXzOmS9N1EyKTjppHturWsDXLdrA==",
        "password": "gAAAAABkSkWePbzh-n8M9bRQ7ppklU-_9WhOvjweY3DwbEb3OZIbxn6Zn-GzjVcmzIMFcIl1nR7BAtdSscO_EJYOAq8Vd179AXWMuEL1McDEzgilnfcVdW8="
    },
    "hello": {
        "email": "gAAAAABkSk0awyZ227osdVtbtN6vWuOFINSJYCnsE-JxuB5sMS1V8jDfPgw02TOKHxVsuGqZBNBotwRfPUkTdo6VU9B4sSE80w==",
        "password": "gAAAAABkSk0buW0YLkdOfeLvu4ElxUaMhmvRU22DUm7xOF2W8r4QMbG9n9gQ5WTZL7Lo5AM6Es_FioCMJ7JpSEatbtD2vPmWtmWobc24e5FpPW1SPQyYP2E="
    }
}